alphabetical,ABfromFPO,FPO_order,FPOfromAB
face_001.jpg,1,face001,1
face_002.jpg,2,face002,2
face_003.jpg,3,face003,3
face_004.jpg,4,face004,4
face_005.jpg,5,face005,5
face_006.jpg,6,face006,6
face_007.jpg,7,face007,7
face_008.jpg,8,face008,8
face_009.jpg,9,face009,9
face_010.jpg,10,face010,10
face_011.jpg,11,face011,11
face_012.jpg,12,face012,12
face_013.jpg,13,face013,13
face_014.jpg,14,face014,14
face_015.jpg,15,face015,15
face_016.jpg,16,face016,16
face_017.jpg,17,face017,17
face_018.jpg,18,face018,18
face_019.jpg,19,face019,19
face_020.jpg,20,face020,20
face_021.jpg,21,face021,21
face_022.jpg,22,face022,22
face_023.jpg,23,face023,23
face_024.jpg,24,face024,24
face_025.jpg,25,face025,25
face_026.jpg,26,face026,26
face_027.jpg,27,face027,27
face_028.jpg,28,face028,28
face_029.jpg,29,face029,29
face_030.jpg,30,face030,30
face_031.jpg,31,face031,31
face_032.jpg,32,face032,32
face_033.jpg,33,face033,33
face_034.jpg,34,face034,34
face_035.jpg,35,face035,35
face_036.jpg,36,face036,36
face_037.jpg,37,face037,37
face_038.jpg,38,face038,38
face_039.jpg,39,face039,39
face_040.jpg,40,face040,40
face_041.jpg,41,face041,41
face_042.jpg,42,face042,42
face_043.jpg,43,face043,43
face_044.jpg,44,face044,44
face_045.jpg,45,face045,45
face_046.jpg,46,face046,46
face_047.jpg,47,face047,47
face_048.jpg,48,face048,48
face_049.jpg,49,face049,49
face_050.jpg,50,face050,50
face_051.jpg,51,face051,51
face_052.jpg,52,face052,52
face_053.jpg,53,face053,53
face_054.jpg,54,face054,54
face_055.jpg,55,face055,55
face_056.jpg,56,face056,56
face_057.jpg,57,face057,57
face_058.jpg,58,face058,58
face_059.jpg,59,face059,59
face_060.jpg,60,face060,60
face_061.jpg,61,face061,61
face_062.jpg,62,face062,62
face_063.jpg,63,face063,63
face_064.jpg,64,face064,64
face_065.jpg,65,face065,65
face_066.jpg,66,face066,66
face_067.jpg,67,face067,67
face_068.jpg,68,face068,68
face_069.jpg,69,face069,69
face_070.jpg,70,face070,70
face_071.jpg,71,face071,71
face_072.jpg,72,face072,72
face_073.jpg,73,face073,73
face_074.jpg,74,face074,74
face_075.jpg,75,face075,75
face_076.jpg,76,face076,76
face_077.jpg,77,face077,77
face_078.jpg,78,face078,78
face_079.jpg,79,face079,79
face_080.jpg,80,face080,80
face_081.jpg,81,face081,81
face_082.jpg,82,face082,82
face_083.jpg,83,face083,83
face_084.jpg,84,face084,84
face_085.jpg,85,face085,85
face_086.jpg,86,face086,86
face_087.jpg,87,face087,87
face_088.jpg,88,face088,88
face_089.jpg,89,face089,89
face_090.jpg,90,face090,90
face_091.jpg,91,face091,91
face_092.jpg,92,face092,92
face_093.jpg,93,face093,93
face_094.jpg,94,face094,94
face_095.jpg,95,face095,95
face_096.jpg,96,face096,96
face_097.jpg,97,face097,97
face_098.jpg,98,face098,98
face_099.jpg,99,face099,99
face_100.jpg,100,face100,100
object_001.jpg,201,pareidolia001,201
object_002.jpg,202,pareidolia002,202
object_003.jpg,203,pareidolia003,203
object_004.jpg,204,pareidolia004,204
object_005.jpg,205,pareidolia005,205
object_006.jpg,206,pareidolia006,206
object_007.jpg,207,pareidolia007,207
object_008.jpg,208,pareidolia008,208
object_009.jpg,209,pareidolia009,209
object_010.jpg,210,pareidolia010,210
object_011.jpg,211,pareidolia011,211
object_012.jpg,212,pareidolia012,212
object_013.jpg,213,pareidolia013,213
object_014.jpg,214,pareidolia014,214
object_015.jpg,215,pareidolia015,215
object_016.jpg,216,pareidolia016,216
object_017.jpg,217,pareidolia017,217
object_018.jpg,218,pareidolia018,218
object_019.jpg,219,pareidolia019,219
object_020.jpg,220,pareidolia020,220
object_021.jpg,221,pareidolia021,221
object_022.jpg,222,pareidolia022,222
object_023.jpg,223,pareidolia023,223
object_024.jpg,224,pareidolia024,224
object_025.jpg,225,pareidolia025,225
object_026.jpg,226,pareidolia026,226
object_027.jpg,227,pareidolia027,227
object_028.jpg,228,pareidolia028,228
object_029.jpg,229,pareidolia029,229
object_030.jpg,230,pareidolia030,230
object_031.jpg,231,pareidolia031,231
object_032.jpg,232,pareidolia032,232
object_033.jpg,233,pareidolia033,233
object_034.jpg,234,pareidolia034,234
object_035.jpg,235,pareidolia035,235
object_036.jpg,236,pareidolia036,236
object_037.jpg,237,pareidolia037,237
object_038.jpg,238,pareidolia038,238
object_039.jpg,239,pareidolia039,239
object_040.jpg,240,pareidolia040,240
object_041.jpg,241,pareidolia041,241
object_042.jpg,242,pareidolia042,242
object_043.jpg,243,pareidolia043,243
object_044.jpg,244,pareidolia044,244
object_045.jpg,245,pareidolia045,245
object_046.jpg,246,pareidolia046,246
object_047.jpg,247,pareidolia047,247
object_048.jpg,248,pareidolia048,248
object_049.jpg,249,pareidolia049,249
object_050.jpg,250,pareidolia050,250
object_051.jpg,251,pareidolia051,251
object_052.jpg,252,pareidolia052,252
object_053.jpg,253,pareidolia053,253
object_054.jpg,254,pareidolia054,254
object_055.jpg,255,pareidolia055,255
object_056.jpg,256,pareidolia056,256
object_057.jpg,257,pareidolia057,257
object_058.jpg,258,pareidolia058,258
object_059.jpg,259,pareidolia059,259
object_060.jpg,260,pareidolia060,260
object_061.jpg,261,pareidolia061,261
object_062.jpg,262,pareidolia062,262
object_063.jpg,263,pareidolia063,263
object_064.jpg,264,pareidolia064,264
object_065.jpg,265,pareidolia065,265
object_066.jpg,266,pareidolia066,266
object_067.jpg,267,pareidolia067,267
object_068.jpg,268,pareidolia068,268
object_069.jpg,269,pareidolia069,269
object_070.jpg,270,pareidolia070,270
object_071.jpg,271,pareidolia071,271
object_072.jpg,272,pareidolia072,272
object_073.jpg,273,pareidolia073,273
object_074.jpg,274,pareidolia074,274
object_075.jpg,275,pareidolia075,275
object_076.jpg,276,pareidolia076,276
object_077.jpg,277,pareidolia077,277
object_078.jpg,278,pareidolia078,278
object_079.jpg,279,pareidolia079,279
object_080.jpg,280,pareidolia080,280
object_081.jpg,281,pareidolia081,281
object_082.jpg,282,pareidolia082,282
object_083.jpg,283,pareidolia083,283
object_084.jpg,284,pareidolia084,284
object_085.jpg,285,pareidolia085,285
object_086.jpg,286,pareidolia086,286
object_087.jpg,287,pareidolia087,287
object_088.jpg,288,pareidolia088,288
object_089.jpg,289,pareidolia089,289
object_090.jpg,290,pareidolia090,290
object_091.jpg,291,pareidolia091,291
object_092.jpg,292,pareidolia092,292
object_093.jpg,293,pareidolia093,293
object_094.jpg,294,pareidolia094,294
object_095.jpg,295,pareidolia095,295
object_096.jpg,296,pareidolia096,296
object_097.jpg,297,pareidolia097,297
object_098.jpg,298,pareidolia098,298
object_099.jpg,299,pareidolia099,299
object_100.jpg,300,pareidolia100,300
pareidolia_001.jpg,101,object001,101
pareidolia_002.jpg,102,object002,102
pareidolia_003.jpg,103,object003,103
pareidolia_004.jpg,104,object004,104
pareidolia_005.jpg,105,object005,105
pareidolia_006.jpg,106,object006,106
pareidolia_007.jpg,107,object007,107
pareidolia_008.jpg,108,object008,108
pareidolia_009.jpg,109,object009,109
pareidolia_010.jpg,110,object010,110
pareidolia_011.jpg,111,object011,111
pareidolia_012.jpg,112,object012,112
pareidolia_013.jpg,113,object013,113
pareidolia_014.jpg,114,object014,114
pareidolia_015.jpg,115,object015,115
pareidolia_016.jpg,116,object016,116
pareidolia_017.jpg,117,object017,117
pareidolia_018.jpg,118,object018,118
pareidolia_019.jpg,119,object019,119
pareidolia_020.jpg,120,object020,120
pareidolia_021.jpg,121,object021,121
pareidolia_022.jpg,122,object022,122
pareidolia_023.jpg,123,object023,123
pareidolia_024.jpg,124,object024,124
pareidolia_025.jpg,125,object025,125
pareidolia_026.jpg,126,object026,126
pareidolia_027.jpg,127,object027,127
pareidolia_028.jpg,128,object028,128
pareidolia_029.jpg,129,object029,129
pareidolia_030.jpg,130,object030,130
pareidolia_031.jpg,131,object031,131
pareidolia_032.jpg,132,object032,132
pareidolia_033.jpg,133,object033,133
pareidolia_034.jpg,134,object034,134
pareidolia_035.jpg,135,object035,135
pareidolia_036.jpg,136,object036,136
pareidolia_037.jpg,137,object037,137
pareidolia_038.jpg,138,object038,138
pareidolia_039.jpg,139,object039,139
pareidolia_040.jpg,140,object040,140
pareidolia_041.jpg,141,object041,141
pareidolia_042.jpg,142,object042,142
pareidolia_043.jpg,143,object043,143
pareidolia_044.jpg,144,object044,144
pareidolia_045.jpg,145,object045,145
pareidolia_046.jpg,146,object046,146
pareidolia_047.jpg,147,object047,147
pareidolia_048.jpg,148,object048,148
pareidolia_049.jpg,149,object049,149
pareidolia_050.jpg,150,object050,150
pareidolia_051.jpg,151,object051,151
pareidolia_052.jpg,152,object052,152
pareidolia_053.jpg,153,object053,153
pareidolia_054.jpg,154,object054,154
pareidolia_055.jpg,155,object055,155
pareidolia_056.jpg,156,object056,156
pareidolia_057.jpg,157,object057,157
pareidolia_058.jpg,158,object058,158
pareidolia_059.jpg,159,object059,159
pareidolia_060.jpg,160,object060,160
pareidolia_061.jpg,161,object061,161
pareidolia_062.jpg,162,object062,162
pareidolia_063.jpg,163,object063,163
pareidolia_064.jpg,164,object064,164
pareidolia_065.jpg,165,object065,165
pareidolia_066.jpg,166,object066,166
pareidolia_067.jpg,167,object067,167
pareidolia_068.jpg,168,object068,168
pareidolia_069.jpg,169,object069,169
pareidolia_070.jpg,170,object070,170
pareidolia_071.jpg,171,object071,171
pareidolia_072.jpg,172,object072,172
pareidolia_073.jpg,173,object073,173
pareidolia_074.jpg,174,object074,174
pareidolia_075.jpg,175,object075,175
pareidolia_076.jpg,176,object076,176
pareidolia_077.jpg,177,object077,177
pareidolia_078.jpg,178,object078,178
pareidolia_079.jpg,179,object079,179
pareidolia_080.jpg,180,object080,180
pareidolia_081.jpg,181,object081,181
pareidolia_082.jpg,182,object082,182
pareidolia_083.jpg,183,object083,183
pareidolia_084.jpg,184,object084,184
pareidolia_085.jpg,185,object085,185
pareidolia_086.jpg,186,object086,186
pareidolia_087.jpg,187,object087,187
pareidolia_088.jpg,188,object088,188
pareidolia_089.jpg,189,object089,189
pareidolia_090.jpg,190,object090,190
pareidolia_091.jpg,191,object091,191
pareidolia_092.jpg,192,object092,192
pareidolia_093.jpg,193,object093,193
pareidolia_094.jpg,194,object094,194
pareidolia_095.jpg,195,object095,195
pareidolia_096.jpg,196,object096,196
pareidolia_097.jpg,197,object097,197
pareidolia_098.jpg,198,object098,198
pareidolia_099.jpg,199,object099,199
pareidolia_100.jpg,200,object100,200
